"X1","baseMean","log2FoldChange","lfcSE","stat","pvalue","padj","IHW_pvalue","t_ID","Human","type"
"FAM50A_crovir-transcript-14841",1193.50973621758,1.56371004962826,0.125742467361945,12.4358149035455,1.67028662383736e-35,1.15953055623235e-32,1.06007464783577e-32,"crovir-transcript-14841","NP_004690.1","Nonvenom"
"SUCO_crovir-transcript-5568",1444.94780914184,1.17435753634919,0.0965477116244323,12.1634942619604,4.86330306050721e-34,3.20734836840451e-31,2.98336685378238e-31,"crovir-transcript-5568","NP_057311.3","Nonvenom"
"C1QL3_crovir-transcript-1904",56.2142682456605,4.65817558782248,0.419754554386063,11.097379502256,1.29175902853884e-28,6.08510770943831e-26,5.29695857090963e-26,"crovir-transcript-1904","NP_001010908.1","Nonvenom"
"ACPP_crovir-transcript-2146",86.7998791681408,7.19332875714473,0.697088092825865,10.3191100682617,5.77559896760443e-25,2.24059265831478e-22,1.38985754748962e-22,"crovir-transcript-2146","NP_001127666.1","Nonvenom"
"LOC103055710_crovir-transcript-14192",858.622097026569,1.23312548328132,0.133237503547189,9.25509297646505,2.14044040209122e-20,6.13748019643113e-18,5.7088762680578e-18,"crovir-transcript-14192","NP_065804.2","Nonvenom"
"TBCD_crovir-transcript-14139",266.161702402688,1.06299759411496,0.121675717009849,8.7363166639808,2.40834263907213e-18,4.96344365771272e-16,5.53367580857468e-16,"crovir-transcript-14139","NP_005984.3","Nonvenom"
"LOC103051283_crovir-transcript-6058",516.248536234709,2.05210477640658,0.236439412640253,8.67919926500957,3.98564871629281e-18,7.96525857089427e-16,8.7478157540052e-16,"crovir-transcript-6058","NP_001093242.1","Nonvenom"
"GLRX2_crovir-transcript-5695",619.963935423236,1.57649341728904,0.185573474672415,8.49525192149339,1.97504064999829e-17,3.66912481316584e-15,3.3544145717216e-15,"crovir-transcript-5695","NP_057150.2","Nonvenom"
"LOC103060709_crovir-transcript-15591",611.829560005312,1.31039510357918,0.155770269373633,8.41235692053693,4.01852872335298e-17,7.16275592716566e-15,6.54838798875271e-15,"crovir-transcript-15591","XP_016864962.1","Nonvenom"
"DDA1_crovir-transcript-6823",1074.82860509751,0.76611144842657,0.0949575612052504,8.06793517759606,7.14969868828039e-16,1.09656425230719e-13,1.00250912521955e-13,"crovir-transcript-6823","NP_076955.1","Nonvenom"
"ATG16L1_crovir-transcript-10632",1126.54883924526,0.71582533023885,0.0912160730790475,7.84757889783875,4.24145582516143e-15,6.01557014342788e-13,5.59547966454084e-13,"crovir-transcript-10632","XP_005246139.1","Nonvenom"
"AP4E1_crovir-transcript-11195",688.844881298947,1.0048761158235,0.128479043707599,7.82132312652058,5.22709778385592e-15,7.33461912436804e-13,6.63052965706156e-13,"crovir-transcript-11195","NP_031373.2","Nonvenom"
"LOX_crovir-transcript-15556",319.282432258649,2.01677567308601,0.2594850659693,7.77222251905863,7.71208139602054e-15,1.04868405787125e-12,9.51690546036425e-13,"crovir-transcript-15556","NP_002308.2","Nonvenom"
"UBAP1_crovir-transcript-4158",617.743473739087,0.957201365004195,0.123875190989289,7.72714340425889,1.09986723092677e-14,1.45072487759241e-12,1.3630456168042e-12,"crovir-transcript-4158","NP_001164672.1","Nonvenom"
"HACD4_crovir-transcript-15362",135.844059312181,2.81479050810726,0.365620942535262,7.69865776448457,1.37502893913782e-14,1.77810114776744e-12,1.56312448725726e-12,"crovir-transcript-15362","NP_001308832.1","Nonvenom"
"TXNL1_crovir-transcript-15891",1197.87554748804,0.783919591588869,0.102251251660523,7.66660142402464,1.76613516665648e-14,2.21860217601895e-12,2.08351159139694e-12,"crovir-transcript-15891","XP_024307057.1","Nonvenom"
"RARS2_crovir-transcript-8979",125.20874653937,1.35173854776182,0.183415571012899,7.36981348037652,1.70866926880151e-13,1.89389476096571e-11,1.43807950320717e-11,"crovir-transcript-8979","NP_001337434.1","Nonvenom"
"MVD_crovir-transcript-16332",650.574415731087,1.67076899292765,0.230767871160989,7.24004162504097,4.48547054706857e-13,4.62213722779957e-11,4.22568466839642e-11,"crovir-transcript-16332","XP_011521388.1","Nonvenom"
"MTREX_crovir-transcript-15788",1140.13836015966,1.13485190745745,0.159543199752421,7.11313242569107,1.13438337688466e-12,1.10833457341546e-10,1.01241008279666e-10,"crovir-transcript-15788","NP_056175.3","Nonvenom"
"EDC4_crovir-transcript-11557",828.633409354745,1.3272708759236,0.19044934452984,6.96915433970235,3.18851754177274e-12,2.86098954938656e-10,2.67604704321944e-10,"crovir-transcript-11557","NP_055144.3","Nonvenom"
"SIK3_crovir-transcript-13096",280.101698786952,0.860800285777204,0.123407947603905,6.97524189074161,3.05344987712175e-12,2.77758647443006e-10,3.36878822584514e-10,"crovir-transcript-13096","XP_005271538.1","Nonvenom"
"LOC103054836_crovir-transcript-5628",974.138009316817,1.05434659606959,0.15615670866884,6.75184950462508,1.45972249518334e-11,1.19588445412847e-09,1.07989552743944e-09,"crovir-transcript-5628","XP_016866764.1","Nonvenom"
"CFAP99_crovir-transcript-3289",70.3271022122301,3.40969864946102,0.511809122214107,6.66205134193491,2.70031653380362e-11,2.11750752229418e-09,1.83455642104115e-09,"crovir-transcript-3289","XP_024309814.1","Nonvenom"
"FCHSD2_crovir-transcript-4447",68.6029545779899,2.25234332497184,0.341412634869591,6.59712938225664,4.19194923021043e-11,3.08892795231707e-09,2.13638900033591e-09,"crovir-transcript-4447","NP_055639.2","Nonvenom"
"LOC103060487_crovir-transcript-13314",33.5792663327064,4.82320972541339,0.724058132773449,6.66135701968909,2.71310668133219e-11,2.11750752229418e-09,2.70054913838683e-09,"crovir-transcript-13314","XP_006713076.1","Nonvenom"
"LOC103052048_crovir-transcript-820",11.876717092506,7.50435881688357,1.13890634060574,6.58909213982625,4.42524108480165e-11,3.24271832825187e-09,7.35884041340609e-09,"crovir-transcript-820","NP_001854.1","Nonvenom"
"LYPLA2_crovir-transcript-1010",1094.72176338614,1.4632570512734,0.228264334226928,6.41036216292424,1.45174355605762e-10,9.87035953835054e-09,9.12994401184029e-09,"crovir-transcript-1010","XP_024308564.1","Nonvenom"
"LOC103068271_crovir-transcript-10729",149.620907183426,2.51118351292341,0.393462591407256,6.38226750843561,1.74484811974938e-10,1.14500232335793e-08,1.01180201836832e-08,"crovir-transcript-10729","NP_061115.2","Nonvenom"
"GOLGA2_crovir-transcript-1540",558.145742088963,0.730565917829713,0.114930042958372,6.3566139803352,2.0624941846915e-10,1.32703894127224e-08,1.2303693412045e-08,"crovir-transcript-1540","XP_005251987.1","Nonvenom"
"LOC103067332_crovir-transcript-606",74.755562111523,2.72700198212081,0.435655580300594,6.2595364444528,3.86123494246514e-10,2.27364682549622e-08,1.53932842014795e-08,"crovir-transcript-606","NP_000822.2","Nonvenom"
"SRSF6_crovir-transcript-6487",2060.2001998248,0.955417678404945,0.151240631292117,6.31720239622369,2.66340671211302e-10,1.67287307298908e-08,1.54137017427069e-08,"crovir-transcript-6487","NP_006266.2","Nonvenom"
"ORC3_crovir-transcript-8972",424.155587289021,0.726230729060656,0.115055258032697,6.3120168645771,2.75422204280718e-10,1.70632272290486e-08,1.54137017427069e-08,"crovir-transcript-8972","NP_862820.1","Nonvenom"
"ARRDC3_crovir-transcript-15632",1210.93628565874,1.27943055624734,0.205187710587793,6.23541513564436,4.50581570990347e-10,2.58398735711421e-08,2.37783165975327e-08,"crovir-transcript-15632","NP_065852.1","Nonvenom"
"MGAT4B_crovir-transcript-13852",1412.7640109887,1.94565558948537,0.312326573990148,6.22955506036046,4.67761741387132e-10,2.67089929389449e-08,2.44180941430287e-08,"crovir-transcript-13852","XP_024310115.1","Nonvenom"
"HSPH1_crovir-transcript-4506",127.515857930511,2.60626938254041,0.421884112379243,6.1776902852354,6.50461560676915e-10,3.66649059202073e-08,2.71465671065313e-08,"crovir-transcript-4506","NP_001304310.1","Nonvenom"
"GPATCH1_crovir-transcript-11533",277.844879027463,0.769377342959478,0.123884872489191,6.21042204347112,5.28424862271485e-10,2.99138366238665e-08,3.33505294877121e-08,"crovir-transcript-11533","NP_060495.2","Nonvenom"
"WBP11_crovir-transcript-12026",1059.92867930297,0.661751312362011,0.109183339060591,6.06091843367033,1.3534645996757e-09,7.19846696359777e-08,6.64153026001724e-08,"crovir-transcript-12026","NP_057396.1","Nonvenom"
"FAM107A_crovir-transcript-14858",630.084432271093,0.755885526772585,0.126147271643027,5.99208779490372,2.07164027093181e-09,1.04693238212991e-07,9.28449334727088e-08,"crovir-transcript-14858","NP_001269643.1","Nonvenom"
"NCOA3_crovir-transcript-6549",642.883205121989,0.966556845256924,0.163911612366216,5.89681738409975,3.70579595200541e-09,1.79045599292862e-07,1.63090996320818e-07,"crovir-transcript-6549","NP_858045.1","Nonvenom"
"ENOX2_crovir-transcript-164",437.712688581091,1.30007750583153,0.225680079081277,5.76071007739817,8.37608069368978e-09,3.78357891608795e-07,3.40546910032312e-07,"crovir-transcript-164","XP_011529546.1","Nonvenom"
"TWISTNB_crovir-transcript-2010",350.46441485136,0.966858490483777,0.169255339484316,5.71242534167361,1.11377283936324e-08,4.92975293664469e-07,4.42154717416725e-07,"crovir-transcript-2010","NP_001002926.1","Nonvenom"
"LOC103066515_crovir-transcript-7935",70.0630654900375,1.78891546119655,0.317727216579297,5.630350086015,1.79844201448781e-08,7.55460196531661e-07,5.28376006051185e-07,"crovir-transcript-7935","NP_113645.1","Nonvenom"
"LOC103063951_crovir-transcript-3702",233.133587856965,0.900813969147709,0.160360739959219,5.61742212823906,1.93827481574758e-08,8.01437141683717e-07,7.52179421641856e-07,"crovir-transcript-3702","NP_067077.1","Nonvenom"
"SCOC_crovir-transcript-4484",557.30190987482,0.844122934904484,0.153183511848604,5.51053389961939,3.57746900148203e-08,1.37170977120779e-06,1.2540547075972e-06,"crovir-transcript-4484","NP_001146956.1","Nonvenom"
"FAM46B_crovir-transcript-953",1630.58307707533,3.23181035735259,0.591487141856404,5.46387254879192,4.65858067432608e-08,1.72603031163935e-06,1.57798426693492e-06,"crovir-transcript-953","NP_060103.2","Nonvenom"
"RAB10_crovir-transcript-9890",2121.28725574096,0.596111521221142,0.109580210354613,5.43995598559321,5.32937361428017e-08,1.95806233906282e-06,1.80184419586088e-06,"crovir-transcript-9890","NP_057215.3","Nonvenom"
"PITX1_crovir-transcript-13885",150.549917127025,4.45525545098674,0.826480116236781,5.3906383994728,7.02078205705453e-08,2.53709905020683e-06,1.93145762706884e-06,"crovir-transcript-13885","NP_002644.4","Nonvenom"
"NUP88_crovir-transcript-9994",427.373498993756,0.949766028970781,0.176629071235309,5.37717841309079,7.56621893998769e-08,2.68998457731638e-06,2.44778384849352e-06,"crovir-transcript-9994","NP_001307582.1","Nonvenom"
"TTC28_crovir-transcript-16471",3206.38488936544,1.03530531382027,0.193979110731069,5.33720002075689,9.43928910325177e-08,3.30249929103159e-06,3.00330281955451e-06,"crovir-transcript-16471","NP_001138890.1","Nonvenom"
"JOSD2_crovir-transcript-2729",498.451655174338,0.798712900655033,0.149268289783065,5.35085450376515,8.75398843502523e-08,3.08730233844874e-06,3.37875268908839e-06,"crovir-transcript-2729","NP_001257568.1","Nonvenom"
"SENP2_crovir-transcript-10657",609.116234709058,0.740525208050814,0.140684228710807,5.26374004276661,1.41154000558566e-07,4.70156885698861e-06,4.34216348029256e-06,"crovir-transcript-10657","NP_067640.2","Nonvenom"
"LOC103053705_crovir-transcript-4224",84.5587693987685,2.28549609364503,0.444733614235761,5.13902259799379,2.76171188778236e-07,8.55093422531674e-06,5.57159658864276e-06,"crovir-transcript-4224","XP_016884409.1","Nonvenom"
"VIPAS39_crovir-transcript-7210",758.660237076683,0.423881374631016,0.0816774498795695,5.18969893472451,2.10634363619101e-07,6.66264762097345e-06,5.87178514315375e-06,"crovir-transcript-7210","NP_001180243.1","Nonvenom"
"KYAT1_crovir-transcript-1391",616.038360660104,0.72869071675407,0.143138046973742,5.09082478181181,3.56509355817917e-07,1.0687178189178e-05,9.66125857827033e-06,"crovir-transcript-1391","XP_016870749.1","Nonvenom"
"LOC103065553_crovir-transcript-12516",698.004157599526,1.37115732169737,0.27203913733884,5.04029433084666,4.6481641733366e-07,1.35042478956629e-05,1.2459440529681e-05,"crovir-transcript-12516","NP_004152.1","Nonvenom"
"SAMD8_crovir-transcript-10106",482.86022532537,0.74529762347941,0.148758901664285,5.01010437117487,5.44005240695899e-07,1.54642869068511e-05,1.41868599909092e-05,"crovir-transcript-10106","XP_016871227.1","Nonvenom"
"RHEB_crovir-transcript-1761",793.348522025231,0.603610991532158,0.120575471024723,5.00608445815975,5.5548391437178e-07,1.57228172329695e-05,1.43988930682653e-05,"crovir-transcript-1761","NP_005605.1","Nonvenom"
"PICK1_crovir-transcript-12120",397.094886997963,0.566646445295729,0.113285943646493,5.00191309756789,5.67641788225311e-07,1.59641688415605e-05,1.46437485768007e-05,"crovir-transcript-12120","NP_001034672.1","Nonvenom"
"SCAMP3_crovir-transcript-12509",187.52596459589,0.947642029420887,0.190037675092572,4.98660083564623,6.14508409031004e-07,1.6992381373415e-05,1.59391250883057e-05,"crovir-transcript-12509","NP_005689.2","Nonvenom"
"CERK_crovir-transcript-11705",167.171931496606,1.27475134399025,0.255515579652214,4.98893783981914,6.07121768780358e-07,1.68233952315398e-05,1.84286621089787e-05,"crovir-transcript-11705","NP_073603.2","Nonvenom"
"SPTLC1_crovir-transcript-15528",365.547452480103,0.601722507007971,0.122115296713035,4.92749494293077,8.32905786166394e-07,2.19281982425843e-05,2.02229656698122e-05,"crovir-transcript-15528","NP_001268232.1","Nonvenom"
"IRAK2_crovir-transcript-13409",544.448614274841,2.01480855559882,0.414612781566298,4.85949455775919,1.17685817052658e-06,2.95671605128486e-05,2.75559852667232e-05,"crovir-transcript-13409","NP_001561.3","Nonvenom"
"NUP214_crovir-transcript-1412",598.676174049644,0.683542704808211,0.140762593255053,4.85599681706399,1.19782625274725e-06,3.00367457675595e-05,2.76260462871957e-05,"crovir-transcript-1412","NP_005076.3","Nonvenom"
"CIAPIN1_crovir-transcript-16050",619.169408242961,0.54401390489218,0.112193995836751,4.84886825569304,1.24167848506098e-06,3.101844548855e-05,2.90725543551106e-05,"crovir-transcript-16050","NP_064709.2","Nonvenom"
"EFCAB12_crovir-transcript-13413",29.1441404379184,1.84006388482187,0.374786848933246,4.90962767252702,9.12494761091951e-07,2.3692531296856e-05,3.00713354208681e-05,"crovir-transcript-13413","XP_011511595.1","Nonvenom"
"LOC103062212_crovir-transcript-16073",288.966750633152,0.743438035299039,0.150258238315835,4.94773560259883,7.50817985691098e-07,2.01696318355715e-05,3.11088415310358e-05,"crovir-transcript-16073","XP_005278336.1","Nonvenom"
"SAP30L_crovir-transcript-13800",294.533810652376,0.861026121457474,0.174490852641832,4.93450578309027,8.03539649139805e-07,2.13218925193138e-05,3.44984244462344e-05,"crovir-transcript-13800","NP_078908.1","Nonvenom"
"AATK_crovir-transcript-14363",107.886051882986,1.50425804872475,0.313986795085129,4.79083220145263,1.66090985714931e-06,4.02709577496313e-05,3.53146905156073e-05,"crovir-transcript-14363","NP_001073864.2","Nonvenom"
"RABL6_crovir-transcript-2382",1359.52204356887,0.63435239691247,0.13237848441068,4.79195996038531,1.6515986887308e-06,4.01189442069232e-05,3.72486855550866e-05,"crovir-transcript-2382","NP_001167459.1","Nonvenom"
"LOC103056210_crovir-transcript-2818",456.676794650867,1.2353170210169,0.260255265566691,4.74655918421887,2.06906202001482e-06,4.85603701850452e-05,4.36411102052569e-05,"crovir-transcript-2818","NP_061160.3","Nonvenom"
"FBRS_crovir-transcript-3017",1513.91502602903,0.636701467187315,0.134289401656381,4.74126371354685,2.12389261162153e-06,4.95825549509523e-05,4.58703184186225e-05,"crovir-transcript-3017","NP_001098549.2","Nonvenom"
"MRPL11_crovir-transcript-12384",1616.37124306365,0.905053316312662,0.192479279385346,4.70208179915685,2.57522286004133e-06,5.85641198688709e-05,5.4709575958548e-05,"crovir-transcript-12384","NP_057134.1","Nonvenom"
"LOC107326082_crovir-transcript-412",21.7392919800597,3.36464458087633,0.707035786519696,4.75880379045368,1.94743624221646e-06,4.62175588777758e-05,5.90534935463072e-05,"crovir-transcript-412",NA,"Nonvenom"
"MLLT3_crovir-transcript-15356",315.550517937716,2.79067636728103,0.599578549185948,4.65439661086933,3.24930827332866e-06,7.17895747490871e-05,6.56884127361773e-05,"crovir-transcript-15356","NP_004520.2","Nonvenom"
"THOC1_crovir-transcript-5183",303.324129507985,1.04069805582459,0.224195128626668,4.64192983228273,3.45170087110627e-06,7.57536347585552e-05,6.91722077835525e-05,"crovir-transcript-5183","XP_011524074.1","Nonvenom"
"LOC103050213_crovir-transcript-14574",128.106251132263,1.54368760388944,0.335144116406269,4.60604118742203,4.10407135776024e-06,8.91807268679697e-05,7.85356341323814e-05,"crovir-transcript-14574","NP_003519.1","Nonvenom"
"TTLL1_crovir-transcript-11688",146.200645133845,1.46390154880528,0.319206600837246,4.58606289771459,4.51682579103182e-06,9.75072539831584e-05,8.07384780566489e-05,"crovir-transcript-11688","NP_036395.1","Nonvenom"
"NUDT2_crovir-transcript-4161",100.037199104111,1.25846344560442,0.274643766920092,4.58216641767285,4.60183434285216e-06,9.91615303544393e-05,8.6475458328221e-05,"crovir-transcript-4161","NP_001152.1","Nonvenom"
"TMEM5_crovir-transcript-11835",441.223411367498,0.754932986424656,0.165010292821254,4.57506603689523,4.76069799114277e-06,0.000102103425208412,0.000106288611048101,"crovir-transcript-11835","NP_055069.1","Nonvenom"
"FAM13B_crovir-transcript-13866",562.593868714684,0.852232008219567,0.188014975724455,4.53278790657907,5.82102557924994e-06,0.000123043793894722,0.000113889073101444,"crovir-transcript-13866","XP_006714710.1","Nonvenom"
"NYAP1_crovir-transcript-11159",119.935146621651,1.67690957312292,0.374908144959035,4.47285447294338,7.71823068146128e-06,0.000159067910450741,0.000119378106723835,"crovir-transcript-11159","XP_006715970.1","Nonvenom"
"FOXRED1_crovir-transcript-12736",191.32913562566,1.30854366538154,0.283429085552223,4.61682915439685,3.89647789748819e-06,8.52314153696007e-05,0.000134960910622294,"crovir-transcript-12736","NP_060017.1","Nonvenom"
"IGFBP7_crovir-transcript-15146",936.919558267642,1.14954494867837,0.257317956307478,4.46741053432253,7.91721045027832e-06,0.000162273881037315,0.000147505313927105,"crovir-transcript-15146","NP_001544.1","Nonvenom"
"DCTN6_crovir-transcript-15175",268.758267782847,0.865782956522797,0.193601443877169,4.47198605126155,7.74964835004065e-06,0.000159466242959495,0.00014802673005613,"crovir-transcript-15175","NP_006562.1","Nonvenom"
"GRAMD4_crovir-transcript-11701",332.262756638634,1.22267397325032,0.275952500555274,4.43074069193084,9.39099618518382e-06,0.000188860979498733,0.000171619348469913,"crovir-transcript-11701","XP_005261453.1","Nonvenom"
"TRAPPC13_crovir-transcript-15769",627.28419210451,0.563441602230249,0.127684508253152,4.41276400668081,1.02059225229261e-05,0.000202735117586438,0.000188577341913728,"crovir-transcript-15769","NP_001087224.1","Nonvenom"
"SIK3_crovir-transcript-13095",436.72244201744,0.882079865203531,0.201890044721248,4.36911025712747,1.24753772406424e-05,0.000239743767735991,0.000219604208708994,"crovir-transcript-13095","XP_005271538.1","Nonvenom"
"HIF1AN_crovir-transcript-10219",588.5573652452,0.496611726190676,0.11366957622132,4.3689062869712,1.24870332399262e-05,0.000239743767735991,0.000220787224083023,"crovir-transcript-10219","XP_011538242.1","Nonvenom"
"LOC103049822_crovir-transcript-6023",445.811376581977,0.81647335023409,0.187797122411742,4.34763504226644,1.37613341154496e-05,0.000260045840949541,0.000235491592593994,"crovir-transcript-6023","NP_004334.1","Nonvenom"
"LOC103068168_crovir-transcript-7571",2510.12235580452,0.401383850511506,0.0926172766531309,4.33379024968272,1.46563824596772e-05,0.000274989594086974,0.000259103119102847,"crovir-transcript-7571","NP_001243415.1","Nonvenom"
"ECI2_crovir-transcript-5360",3065.1828039363,2.26389171493973,0.525316343663878,4.30957791861179,1.63566422429046e-05,0.000301740015641834,0.000283098420150618,"crovir-transcript-5360","NP_996667.2","Nonvenom"
"SENP6_crovir-transcript-8944",735.08154810884,0.572733244985589,0.1343445736913,4.26316619457686,2.01550498371177e-05,0.000360223722698622,0.000329011470748067,"crovir-transcript-8944","NP_056386.2","Nonvenom"
"CCDC58_crovir-transcript-15065",188.875502736859,0.891899554785233,0.209653768444243,4.25415465414078,2.09840239345261e-05,0.000370025769647593,0.000350578993924334,"crovir-transcript-15065","NP_001017928.1","Nonvenom"
"LYAR_crovir-transcript-267",790.643889147673,0.775209918036739,0.18280021063922,4.24074958844941,2.22774562868506e-05,0.000388163340057543,0.000353010210719793,"crovir-transcript-267","NP_001139197.1","Nonvenom"
"CINP_crovir-transcript-7084",336.58464151994,0.731288991374893,0.173409640891774,4.21711842325592,2.47444042035488e-05,0.000425526325221393,0.000391787964491687,"crovir-transcript-7084","NP_116019.1","Nonvenom"
"WDR74_crovir-transcript-12477",220.471108591745,1.22025405544685,0.286538357030984,4.25860631048047,2.05705385484198e-05,0.000364684682061366,0.000398546773453112,"crovir-transcript-12477","XP_024304353.1","Nonvenom"
"LOC103055544_crovir-transcript-3635",1197.27257105439,0.572283999190993,0.13569219307539,4.21751602815524,2.47008267218247e-05,0.00042533146796458,0.000415649133248958,"crovir-transcript-3635","NP_001307575.1","Nonvenom"
"ITGB1BP1_crovir-transcript-8809",373.464943111701,0.746140997245258,0.178170140388042,4.18780046768901,2.81670982341571e-05,0.000475379496065246,0.000437887144550423,"crovir-transcript-8809","NP_001305995.1","Nonvenom"
"RNF168_crovir-transcript-10695",317.143918452651,0.597268690895226,0.142940668293841,4.17843779537554,2.93518249220143e-05,0.000490064013571352,0.000449868280428995,"crovir-transcript-10695","NP_689830.2","Nonvenom"
"SKI_crovir-transcript-2243",361.164058821265,2.07807421168489,0.497184206307233,4.1796866942325,2.91910987855258e-05,0.000487998216706065,0.000453202137307618,"crovir-transcript-2243","XP_005244832.1","Nonvenom"
"THOC6_crovir-transcript-3007",156.88446536049,0.695957889730564,0.168056293697663,4.14121884053096,3.45465156589734e-05,0.000563249124279182,0.00050336282188366,"crovir-transcript-3007","NP_001334633.1","Nonvenom"
"LOC103053705_crovir-transcript-4223",433.114030020434,2.16127483484484,0.51663831385636,4.18334215035731,2.8725456444069e-05,0.000481434270009238,0.00050336282188366,"crovir-transcript-4223","NP_000334.1","Nonvenom"
"HMBS_crovir-transcript-11474",1068.33904606227,0.738105156514851,0.178997185360719,4.12355733430894,3.73065543325862e-05,0.000599358649996117,0.000558147704978627,"crovir-transcript-11474","NP_000181.2","Nonvenom"
"LOC103050351_crovir-transcript-8917",285.952591692757,0.792203801488798,0.186483541735623,4.24811645100512,2.15575336464621e-05,0.000378620331287397,0.000604290945090926,"crovir-transcript-8917","NP_001026794.1","Nonvenom"
"LOC103059759_crovir-transcript-121",382.402748467163,0.945082953340184,0.229161184509021,4.12409699908398,3.72192031102522e-05,0.000598684498810032,0.000618719143159854,"crovir-transcript-121","NP_057056.1","Nonvenom"
"PCDH8_crovir-transcript-3225",8.68667299941488,4.27773777484666,0.994763478084219,4.30025616047445,1.70600794226692e-05,0.000312531177201398,0.000627623623043539,"crovir-transcript-3225","NP_002581.2","Nonvenom"
"SERPINE1_crovir-transcript-38",51.9407420417427,1.47212511420818,0.369404475075335,3.98513069964289,6.744299315301e-05,0.000971149650314631,0.000663444765660821,"crovir-transcript-38","NP_000593.1","Nonvenom"
"SLC25A14_crovir-transcript-161",253.400409200908,1.04816967408554,0.249312263094794,4.20424435234061,2.61955825288979e-05,0.000446985425040314,0.000673803273650428,"crovir-transcript-161","NP_001269126.1","Nonvenom"
"PCOLCE2_crovir-transcript-10790",36.6376714325511,4.41325379809555,1.09000634263582,4.04883313561604,5.14736266766731e-05,0.00078399207374748,0.000687209918517803,"crovir-transcript-10790","NP_037495.1","Nonvenom"
"GLRX3_crovir-transcript-10396",1580.40420660617,0.593100891407335,0.14610367020734,4.05945237765517,4.91879380423976e-05,0.000754056692189504,0.000688897346508322,"crovir-transcript-10396","NP_001186797.1","Nonvenom"
"FKBP7_crovir-transcript-8336",302.016109593454,1.01444375598096,0.250959072787093,4.04226770809592,5.29367450698762e-05,0.000801648297900881,0.000729177639797661,"crovir-transcript-8336","NP_851939.1","Nonvenom"
"RAB5B_crovir-transcript-14433",3227.71993664894,0.586547450219283,0.145795887929843,4.02307265690188,5.74437656775383e-05,0.000852287142054815,0.000792680452329766,"crovir-transcript-14433","NP_001238965.1","Nonvenom"
"TIA1_crovir-transcript-12982",3968.9837703422,0.528021210532956,0.131626980953929,4.01149678209036,6.0334999573521e-05,0.00088720027243561,0.000826958095658158,"crovir-transcript-12982","NP_071505.2","Nonvenom"
"WDTC1_crovir-transcript-943",698.349796940669,0.579784461326613,0.144767234565016,4.00494257605112,6.20325484641341e-05,0.000906101123191505,0.000839539173722457,"crovir-transcript-943","NP_001263181.1","Nonvenom"
"LAMTOR2_crovir-transcript-3157",2129.78805686761,0.738428963491544,0.184097728901854,4.01107046727999,6.04440645639064e-05,0.000887814266812834,0.000867270151780595,"crovir-transcript-3157","NP_054736.1","Nonvenom"
"NOL7_crovir-transcript-5302",314.380300952517,0.610097453375766,0.153082118148233,3.98542599720887,6.73591686159729e-05,0.000971002660158124,0.000882446323615683,"crovir-transcript-5302","NP_001304653.1","Nonvenom"
"LOC103062968_crovir-transcript-7431",3772.40398129007,0.278273976559651,0.0696965961527542,3.99264801899016,6.53395208013432e-05,0.000946024455949195,0.000882643561634912,"crovir-transcript-7431","NP_001034554.1","Nonvenom"
"CSPP1_crovir-transcript-5061",152.05850570395,0.905230490375205,0.228624263713906,3.95946814948734,7.51168612350968e-05,0.00106766314621867,0.000950346833372423,"crovir-transcript-5061","XP_011515900.1","Nonvenom"
"LOC103062750_crovir-transcript-1868",530.037274753843,0.436054961060383,0.110032645925806,3.96295987787488,7.40262263259937e-05,0.00105432031107712,0.000968908318793054,"crovir-transcript-1868","NP_000457.1","Nonvenom"
"EIF2D_crovir-transcript-6308",288.201192368494,0.662557342360561,0.1644520172266,4.02887938703491,5.60433607331193e-05,0.000834324975248131,0.000986594857553661,"crovir-transcript-6308","NP_008824.2","Nonvenom"
"PFN2_crovir-transcript-10814",896.993195656004,1.1409131213635,0.288905475772838,3.94908790950222,7.84495395045091e-05,0.00110196956982372,0.00101565501994645,"crovir-transcript-10814","NP_002619.1","Nonvenom"
"DNAJA3_crovir-transcript-1674",488.10067701953,0.748573540985852,0.189959175414328,3.94070746702868,8.12416516991183e-05,0.00113755561137088,0.00104499559830923,"crovir-transcript-1674","NP_005138.3","Nonvenom"
"LOC103061760_crovir-transcript-15150",224.872424594777,5.47183046576158,1.3657680033664,4.00641284044903,6.16478592176338e-05,0.000901480336009523,0.00106660616564143,"crovir-transcript-15150","NP_056344.2","Nonvenom"
"AP1M2_crovir-transcript-15016",698.040623385819,0.652208358741715,0.166037617493981,3.92807586970681,8.5628200136593e-05,0.00118762982103224,0.00110974745721591,"crovir-transcript-15016","NP_001123996.1","Nonvenom"
"uknown_crovir-transcript-5345",14.6831479188223,2.76881648077374,0.708537967885514,3.90778844080396,9.31448101817103e-05,0.00127182199409602,0.00113409665930636,"crovir-transcript-5345",NA,"Nonvenom"
"GLA_crovir-transcript-163",3277.37776604992,0.742225384782431,0.189275590890907,3.92140043673264,8.80358231304126e-05,0.00121766145961203,0.00114417579761933,"crovir-transcript-163","NP_000160.1","Nonvenom"
"LOC103063668_crovir-transcript-4346",33.6538067533403,1.26734273394821,0.318593678777976,3.97792805811255,6.95183970246391e-05,0.000998853656595849,0.0012776481042676,"crovir-transcript-4346","XP_011530238.1","Nonvenom"
"UBL5_crovir-transcript-14557",1743.8480286454,0.598400676653542,0.154075431767125,3.8838163215923,0.000102829601179172,0.00139395934178138,0.00130379921096251,"crovir-transcript-14557","NP_001041706.1","Nonvenom"
"ABCE1_crovir-transcript-4469",2214.41748297643,0.998723195239676,0.259255514923605,3.85227367500348,0.000117026123978259,0.00155916623764974,0.00144911773872664,"crovir-transcript-4469","NP_001035809.1","Nonvenom"
"SMCR8_crovir-transcript-1593",444.492008031212,0.601420372236454,0.157105277715245,3.82813601797984,0.000129117399283891,0.00168120285938256,0.00152847915640804,"crovir-transcript-1593","NP_658988.2","Nonvenom"
"GTF3C1_crovir-transcript-1646",1413.85015821398,0.594104032439715,0.155116141099796,3.83005938793624,0.000128112336253934,0.00167472915281407,0.00155810214724821,"crovir-transcript-1646","NP_001511.2","Nonvenom"
"STIP1_crovir-transcript-10616",701.028155968787,0.569176637643392,0.148650795568484,3.82895117020191,0.000128690534989967,0.00168062193714621,0.00157416769441372,"crovir-transcript-10616","NP_001269581.1","Nonvenom"
"METTL13_crovir-transcript-5637",362.808422872914,0.594902263193728,0.157129993772255,3.78605159277217,0.000153059909222676,0.00193748579908551,0.001772751096852,"crovir-transcript-5637","NP_057019.3","Nonvenom"
"LOC103061783_crovir-transcript-1101",127.963486064135,0.664805994964476,0.178193806891418,3.73080303160913,0.000190870409690986,0.00231923540238747,0.00180476190219309,"crovir-transcript-1101","NP_115916.3","Nonvenom"
"IGHMBP2_crovir-transcript-7828",144.260948585952,0.955275343725986,0.258374803379667,3.69724652415995,0.000217950664918147,0.00260160114956594,0.00197697051880379,"crovir-transcript-7828","NP_002171.2","Nonvenom"
"ZNF512_crovir-transcript-9923",1706.05114847859,0.504389984065256,0.13386522334179,3.76789409133861,0.0001646305162043,0.00205632245145333,0.0020138001673397,"crovir-transcript-9923","NP_115810.2","Nonvenom"
"RNF128_crovir-transcript-264",945.398981860814,1.48754325434563,0.3975216936253,3.74204295815808,0.000182530302556188,0.00223752294676219,0.00201987184260173,"crovir-transcript-264","NP_919445.1","Nonvenom"
"RBBP6_crovir-transcript-495",1248.03839173016,0.384829498141638,0.102950940873073,3.73798913228087,0.000185497962980259,0.00226547975158298,0.00211024230670992,"crovir-transcript-495","NP_008841.2","Nonvenom"
"43166_crovir-transcript-8233",1123.54118558855,0.483418761002852,0.129758722670094,3.72552034310575,0.000194912731758588,0.00236513241204764,0.00221132144199541,"crovir-transcript-8233","NP_001269734.1","Nonvenom"
"CTU2_crovir-transcript-16326",412.102173994942,0.735898753313953,0.198910163136668,3.69965386237368,0.000215893720204221,0.00258172091522545,0.00236653676836923,"crovir-transcript-16326","NP_001305436.1","Nonvenom"
"GCAT_crovir-transcript-12127",2933.05440034847,0.577491499546621,0.15675764521584,3.68397661722638,0.000229623314639819,0.00271878951534938,0.00254721836286323,"crovir-transcript-12127","XP_016884163.1","Nonvenom"
"TMX2_crovir-transcript-7898",745.338277320506,0.752875161902374,0.205157973458886,3.66973386025014,0.000242803123304217,0.00283916063509098,0.0025513805170322,"crovir-transcript-7898","NP_001334819.1","Nonvenom"
"UPP2_crovir-transcript-8198",6.30219858399212,3.86174759539299,0.98894922378287,3.90489976888931,9.42644461484861e-05,0.00128312491712955,0.00264288759707401,"crovir-transcript-8198","NP_001128570.1","Nonvenom"
"PSENEN_crovir-transcript-861",802.111543061834,0.62788824361495,0.171177706133517,3.66804917414423,0.000244408184969505,0.00285539766142407,0.00264288759707401,"crovir-transcript-861","NP_001268461.1","Nonvenom"
"CAMTA1_crovir-transcript-1130",86.1403395660223,1.17713746115268,0.328232479829665,3.58629183121532,0.000335413584669205,0.0037052807217645,0.00264751175584516,"crovir-transcript-1130","XP_011539386.1","Nonvenom"
"PSMC1_crovir-transcript-7166",1533.12859534052,0.492298830658105,0.134334990407436,3.66471035703335,0.000247618650650946,0.0028843981594147,0.00268349534530623,"crovir-transcript-7166","NP_002793.2","Nonvenom"
"MGME1_crovir-transcript-5541",565.191809656795,0.526597656164808,0.143696347226961,3.66465582686715,0.000247671411367142,0.0028843981594147,0.00268432831930625,"crovir-transcript-5541","NP_001297267.1","Nonvenom"
"CHMP2A_crovir-transcript-2752",2042.04566478621,0.647821387804091,0.176780181121416,3.66455890979744,0.000247765209599459,0.0028843981594147,0.00268590076540698,"crovir-transcript-2752","XP_005258803.1","Nonvenom"
"ZNF574_crovir-transcript-710",234.486374912088,0.630954618840081,0.165598508706247,3.81014674449347,0.000138884330605694,0.00178720421530644,0.002706165634268,"crovir-transcript-710","NP_001317448.1","Nonvenom"
"MOB2_crovir-transcript-7677",528.619567848849,0.749949748346086,0.205523607235237,3.64897131981394,0.000263292493138116,0.00303630143689196,0.00277460718485207,"crovir-transcript-7677","NP_001165694.1","Nonvenom"
"WIPI2_crovir-transcript-8043",624.518559673903,0.384853431782508,0.105667513276683,3.64211686116619,0.000270405261045255,0.0031122560149973,0.00278100929095521,"crovir-transcript-8043","NP_056425.1","Nonvenom"
"LOC103054827_crovir-transcript-3632",3108.58800714986,1.595997855203,0.435930612141842,3.6611281950617,0.000251107068428748,0.00291391857517476,0.00284427657834756,"crovir-transcript-3632","XP_016883698.1","Nonvenom"
"MRPL21_crovir-transcript-7847",551.503155154801,0.893729817641108,0.24696610270513,3.61883597729277,0.000295931120900012,0.00334189339441024,0.0030972789349933,"crovir-transcript-7847","XP_005273880.1","Nonvenom"
"TRAPPC6B_crovir-transcript-7280",457.733969534018,0.729186447663543,0.200230832870802,3.6417290844215,0.000270812985792248,0.00311423128387076,0.00337777791518831,"crovir-transcript-7280","XP_016876453.1","Nonvenom"
"DCAF1_crovir-transcript-13666",944.581392590942,0.476249705983304,0.132662504761368,3.58993452475496,0.00033076103309857,0.00365694721422476,0.00338011423869136,"crovir-transcript-13666","NP_001336097.1","Nonvenom"
"CCNYL1_crovir-transcript-8486",2355.45554386527,0.958291145262125,0.267755248885535,3.57898173518829,0.000344935571502692,0.0037848472906696,0.00354593407462809,"crovir-transcript-8486","NP_001317147.1","Nonvenom"
"TXLNA_crovir-transcript-13790",680.720668090323,0.511923540916407,0.143057629615366,3.57844277367659,0.000345647528512936,0.0037848472906696,0.00354871296121592,"crovir-transcript-13790","XP_016856050.1","Nonvenom"
"STK25_crovir-transcript-10710",326.399069604699,0.742163258286633,0.20616496944995,3.5998514212513,0.00031839906019854,0.00353508720876999,0.00366382324531579,"crovir-transcript-10710","NP_001258906.1","Nonvenom"
"MRPS18C_crovir-transcript-4303",201.688475142614,0.814684522280378,0.228357944413685,3.56757687748549,0.00036029768910982,0.00390816325605142,0.00367884632490588,"crovir-transcript-4303","NP_057151.1","Nonvenom"
"LOC103059793_crovir-transcript-2279",15328.2726205378,0.769071595923505,0.215930866329384,3.56165660332392,0.000368522189305677,0.00398100546842087,0.00372333647522723,"crovir-transcript-2279","NP_001012474.1","Nonvenom"
"TFIP11_crovir-transcript-16469",1575.71294008018,0.834145953395138,0.233500230283037,3.57235602030896,0.000353783999310762,0.00384699995952923,0.00376824963423308,"crovir-transcript-16469","NP_001008697.1","Nonvenom"
"PARG_crovir-transcript-10175",1365.65259563377,0.677890942639135,0.190319997966359,3.56184820240993,0.000368253292159642,0.00398100546842087,0.00389974940121204,"crovir-transcript-10175","NP_003622.2","Nonvenom"
"FOXRED2_crovir-transcript-12149",3857.68483434707,0.573055572883497,0.162172981609832,3.53360693745026,0.000409930219273446,0.00434644661753759,0.00403862428321064,"crovir-transcript-12149","NP_003744.1","Nonvenom"
"HUWE1_crovir-transcript-14826",2272.83783291158,0.499463117198353,0.141936700011691,3.51891453836262,0.000433316268682444,0.00453966765998525,0.00423807589329614,"crovir-transcript-14826","XP_016884680.1","Nonvenom"
"HGF_crovir-transcript-11620",15.9805015979546,2.80687820156313,0.771853089705034,3.63654462099231,0.000276319795597996,0.00316376571522358,0.00428806969652512,"crovir-transcript-11620","NP_000592.3","Nonvenom"
"EOGT_crovir-transcript-13358",75.8127485506906,1.18849869560462,0.340277075310653,3.49273807093701,0.000478095212662442,0.00490363596813189,0.00438093112915526,"crovir-transcript-13358","XP_011531901.1","Nonvenom"
"LOC103064684_crovir-transcript-3242",46.5156722093966,0.998322049743382,0.287466719081226,3.472826534265,0.000515008101719788,0.00523302142889861,0.00465600504283708,"crovir-transcript-3242","NP_065917.1","Nonvenom"
"LOC103063612_crovir-transcript-5639",21.3092340634364,2.76810626404951,0.774561185652361,3.57377353180707,0.000351873295172963,0.00383562747756137,0.00485080630839332,"crovir-transcript-5639","XP_011507779.1","Nonvenom"
"FAM8A1_crovir-transcript-5315",97.3923899369802,1.24241928701042,0.361021830229103,3.44139656657877,0.000578719680661893,0.00570226261127421,0.00487329623948435,"crovir-transcript-5315","NP_057339.1","Nonvenom"
"EIF2B2_crovir-transcript-7191",304.800051796465,0.610382328343551,0.176015916765646,3.46776779941008,0.00052480054418849,0.00530430588340703,0.00488114492590125,"crovir-transcript-7191","NP_055054.1","Nonvenom"
"PEX10_crovir-transcript-12790",359.278437151086,1.02740733189031,0.297217628522694,3.4567509908379,0.000546729799136593,0.00547144616890111,0.0050009661787246,"crovir-transcript-12790","NP_722540.1","Nonvenom"
"CEP350_crovir-transcript-11176",1299.80322916147,0.573411565735625,0.166625224787803,3.44132508427739,0.000578872603221848,0.00570226261127421,0.00533497928181043,"crovir-transcript-11176","XP_011508493.1","Nonvenom"
"TXNL4A_crovir-transcript-5273",449.490795666804,0.600652215290835,0.173482143712642,3.46232875866326,0.000535522573265478,0.00539244814518376,0.00557656127954227,"crovir-transcript-5273","NP_006692.1","Nonvenom"
"LSM12_crovir-transcript-2694",1513.78063129946,0.707844967740876,0.206722521763013,3.42413086732925,0.000616769119265595,0.00599939873385929,0.00566327496798012,"crovir-transcript-2694","NP_689557.1","Nonvenom"
"SIKE1_crovir-transcript-6375",304.149306422519,0.541887415696478,0.156730163036858,3.45745455244018,0.000545304210902288,0.00546962930935451,0.00566559272392758,"crovir-transcript-6375","NP_001095866.1","Nonvenom"
"PDE7B_crovir-transcript-9187",154.998550986833,1.03564606616871,0.309725791617704,3.3437514543413,0.000826537513379153,0.0076398246681647,0.00582030115738424,"crovir-transcript-9187","NP_061818.1","Nonvenom"
"CLCN4_crovir-transcript-11779",33.5871791244754,1.1440064319634,0.326521624772167,3.50361613189214,0.000458986472724127,0.00475198710771683,0.00591347744030655,"crovir-transcript-11779","NP_001821.2","Nonvenom"
"ZNF76_crovir-transcript-6234",702.485508257223,0.467304855715481,0.137923366009358,3.38814857290949,0.000703661370109018,0.0067024111764934,0.00622083074561213,"crovir-transcript-6234","XP_005253178.1","Nonvenom"
"MOCS3_crovir-transcript-14816",85.8605175953135,1.01926858277684,0.312170756396704,3.26509950689154,0.0010942562761435,0.00967375354043747,0.00647833168770773,"crovir-transcript-14816","NP_055299.1","Nonvenom"
"TANGO6_crovir-transcript-16225",221.619955345721,0.759587467855938,0.221813930301836,3.42443536716706,0.000616078369870028,0.00599939873385929,0.00653654330085905,"crovir-transcript-16225","NP_078838.1","Nonvenom"
"LACTB2_crovir-transcript-5045",327.761832935466,0.793672461186719,0.234392295573607,3.38608596005442,0.000708971719594937,0.00674699637911776,0.00731626552976179,"crovir-transcript-5045","NP_057111.1","Nonvenom"
"ARHGAP39_crovir-transcript-4099",51.1579037852347,1.12565735339142,0.339525528426406,3.31538355483457,0.000915174604342983,0.00831346627498894,0.00735832311775151,"crovir-transcript-4099","NP_079527.1","Nonvenom"
"PITPNA_crovir-transcript-3270",539.303846398484,0.72235975998753,0.217224952281343,3.32539955654796,0.000882919065542175,0.00808168110652414,0.00755927294255162,"crovir-transcript-3270","NP_006215.1","Nonvenom"
"GABRB2_crovir-transcript-14028",8.82482656375254,2.62317726093581,0.755384295992805,3.4726393901109,0.000515367311306997,0.00523302142889861,0.00788965698390017,"crovir-transcript-14028","NP_068711.1","Nonvenom"
"HDGFL3_crovir-transcript-11251",285.43480291048,0.628356780299348,0.180537384757691,3.48048012960141,0.000500515949052052,0.00510185886243938,0.00799509914592086,"crovir-transcript-11251","XP_006720617.1","Nonvenom"
"SNRNP27_crovir-transcript-12988",401.213538949665,0.520527788882112,0.158238838341583,3.28950714209917,0.00100363009427775,0.00897792049711205,0.00816093206167916,"crovir-transcript-12988","NP_006848.1","Nonvenom"
"SYNGR1_crovir-transcript-12092",402.677301913074,1.45197195489101,0.437355607869186,3.31988873302683,0.000900533322800352,0.00822578568402815,0.00851043006795524,"crovir-transcript-12092","NP_004702.2","Nonvenom"
"LOC103059506_crovir-transcript-10860",850.774669669871,0.87005586279241,0.266454877437589,3.26530282034788,0.00109347107216317,0.00967329540028986,0.0090155842493451,"crovir-transcript-10860","XP_005247743.3","Nonvenom"
"uknown_crovir-transcript-2035",8276.98496102533,0.443061867366451,0.136128173960066,3.25474040000291,0.00113496058458047,0.00998033887440545,0.00927662160649367,"crovir-transcript-2035",NA,"Nonvenom"
"SPART_crovir-transcript-3906",742.114224113689,0.951602332942133,0.292497255609114,3.25337183407229,0.00114044158418479,0.0100216019289789,0.00932702302540229,"crovir-transcript-3906","NP_001135766.1","Nonvenom"
"UBR4_crovir-transcript-1473",70.3112164941505,0.979768573266216,0.305302994933151,3.20916790705164,0.0013311972802195,0.0113720803925487,0.00959569743835909,"crovir-transcript-1473","XP_011539410.2","Nonvenom"
"SYT12_crovir-transcript-7829",93.9687193580537,1.90062297849049,0.600868018439197,3.1631288738374,0.00156083219898669,0.0129236514153386,0.0102385212428955,"crovir-transcript-7829","XP_024304534.1","Nonvenom"
"LOC103063511_crovir-transcript-8627",192.918917645336,0.653742640309119,0.199713337304205,3.27340501707871,0.00106260097054765,0.00944454636221256,0.0102869788253177,"crovir-transcript-8627","XP_011527896.1","Nonvenom"
"LOC103060788_crovir-transcript-2713",1748.96667942215,0.362468489971949,0.11276488759484,3.21437370890027,0.00130729408054871,0.0112041643420646,0.0109489800281994,"crovir-transcript-2713","NP_001229766.1","Nonvenom"
"RNPEPL1_crovir-transcript-11007",574.171990392041,0.56659464438399,0.178134989871537,3.18070382911629,0.00146917745271772,0.0122959711937479,0.0112775622826122,"crovir-transcript-11007","NP_060696.4","Nonvenom"
"EPS8_crovir-transcript-12314",587.38700094771,0.875944612127084,0.275075154231708,3.18438288101162,0.00145062998899721,0.0121793822755399,0.0113235726720529,"crovir-transcript-12314","XP_011518907.1","Nonvenom"
"HSPB11_crovir-transcript-5995",84.531124260746,1.02547495028081,0.326367868752873,3.1420830555391,0.00167750443334322,0.0136920071013595,0.0115682916372407,"crovir-transcript-5995","NP_001303864.1","Nonvenom"
"WDR1_crovir-transcript-14334",2871.93632450102,0.295686242359514,0.0931977359541451,3.17267623866954,0.00151040855847442,0.0125772025797207,0.0116918677903696,"crovir-transcript-14334","XP_016864369.1","Nonvenom"
"CAMTA1_crovir-transcript-1132",88.1792835590141,1.17199758090194,0.377442570731201,3.10510173410351,0.00190213588690129,0.0149786103571511,0.0117340782156049,"crovir-transcript-1132","XP_011539386.1","Nonvenom"
"MRPL42_crovir-transcript-11959",557.214408615576,0.460775505306929,0.145718647879455,3.16209017865787,0.00156641047691426,0.0129454600191097,0.0120191936276746,"crovir-transcript-11959","NP_054769.1","Nonvenom"
"UROD_crovir-transcript-6091",1001.29604461115,0.934970357758111,0.296903637766121,3.14907006459318,0.00163790920373377,0.0134056850339468,0.0120262467182271,"crovir-transcript-6091","NP_000365.3","Nonvenom"
"YY1_crovir-transcript-7062",711.356105579621,0.43267852424658,0.137231039690142,3.15292025203291,0.00161645960302531,0.0132924577081695,0.0121222484905918,"crovir-transcript-7062","NP_003394.1","Nonvenom"
"NDUFA13_crovir-transcript-6776",932.564997871368,0.527925054651865,0.16749086627604,3.15196324665131,0.00162176685144082,0.0133277911342707,0.012154404638975,"crovir-transcript-6776","NP_057049.5","Nonvenom"
"IVD_crovir-transcript-7331",1219.07290253532,0.401421293310264,0.127405858446564,3.15072868865468,0.00162863700733596,0.0133592799295779,0.0123284241990644,"crovir-transcript-7331","XP_016877638.1","Nonvenom"
"DNM1L_crovir-transcript-12249",619.426445940281,0.563400104926135,0.179632491163743,3.1364042288573,0.00171033287106262,0.0139169084796095,0.0127222103262156,"crovir-transcript-12249","NP_001265393.1","Nonvenom"
"LOC103059659_crovir-transcript-3428",805.306138364503,0.567585815657517,0.180558106597289,3.14350779565628,0.00166935969141586,0.0136424128437269,0.0127652779592319,"crovir-transcript-3428","NP_001008216.1","Nonvenom"
"PSTK_crovir-transcript-10429",521.452164391362,0.849663121264662,0.27133250402384,3.13144613588208,0.00173947691664154,0.0140845307124014,0.012900633112257,"crovir-transcript-10429","XP_016871129.1","Nonvenom"
"UBAP2_crovir-transcript-12599",594.882256167136,0.746868792895731,0.239882716554804,3.11347479977825,0.00184898299203507,0.0147004735774217,0.0132097977347544,"crovir-transcript-12599","NP_060919.3","Nonvenom"
"RAD21_crovir-transcript-4882",1434.35226073401,0.30821164507731,0.0983291649530796,3.13448858458609,0.00172153951926873,0.0139738883407209,0.0135200116556485,"crovir-transcript-4882","NP_006256.1","Nonvenom"
"BAIAP2_crovir-transcript-14360",573.744284488381,0.59638678516668,0.192029795187672,3.10569922018521,0.00189829699520763,0.0149662506675366,0.013751490728986,"crovir-transcript-14360","XP_011522496.1","Nonvenom"
"uknown_crovir-transcript-1077",315.089447039008,0.635265666347934,0.204876052433668,3.10073168045646,0.00193043130907693,0.0151291675381608,0.0137777531366681,"crovir-transcript-1077",NA,"Nonvenom"
"EBNA1BP2_crovir-transcript-6135",479.430848277844,0.767254314568015,0.247211395364114,3.10363651901215,0.00191158020133976,0.0150260684479568,0.0137890745996888,"crovir-transcript-6135","NP_001153408.1","Nonvenom"
"uknown_crovir-transcript-12481",55.5649329574789,1.38243248746605,0.449988711485833,3.07214926103669,0.00212523426349146,0.0162033756852326,0.0138411871556415,"crovir-transcript-12481",NA,"Nonvenom"
"PSMC5_crovir-transcript-2584",1756.9549165408,0.789909495389116,0.25492760659932,3.09856396459504,0.00194460987404108,0.0152080611375113,0.0141420271363754,"crovir-transcript-2584","XP_024306608.1","Nonvenom"
"ACAD8_crovir-transcript-12698",1469.72716772552,0.947838376595813,0.306134022979968,3.09615496954364,0.00196047872041424,0.0152871777021148,0.0142326268484791,"crovir-transcript-12698","XP_024304205.1","Nonvenom"
"LOXL1_crovir-transcript-11147",129.047305827862,1.09051854812077,0.362687177160756,3.00677447892625,0.00264035565549729,0.01908289923069,0.0147351579577586,"crovir-transcript-11147","NP_005567.2","Nonvenom"
"UBR4_crovir-transcript-1476",80.4250555580151,0.550277841778654,0.184557959899706,2.98159907097851,0.00286747251362792,0.0202907523898886,0.0149243793632756,"crovir-transcript-1476","XP_011539410.2","Nonvenom"
"SLC9A3R1_crovir-transcript-14251",420.663690527684,1.15071780848777,0.370630824461675,3.10475473851678,0.00190436863035116,0.0149872447698877,0.015416468877155,"crovir-transcript-14251","NP_004243.1","Nonvenom"
"FKBP15_crovir-transcript-1457",651.286048733358,0.402533219234236,0.131363939962612,3.06425963889941,0.00218209441195619,0.0165793924502893,0.0156469195536592,"crovir-transcript-1457","NP_056073.1","Nonvenom"
"LOC103057061_crovir-transcript-12567",96.132722317349,0.755589975803557,0.254694750507804,2.96664919201154,0.00301064255346691,0.0210330377543583,0.0164136070648026,"crovir-transcript-12567","NP_001311404.1","Nonvenom"
"LENG8_crovir-transcript-2890",1149.53299340108,0.302155846461708,0.0992561495032489,3.04420278213409,0.00233297827926006,0.0174345515600228,0.0164136070648026,"crovir-transcript-2890","XP_005278305.1","Nonvenom"
"NARFL_crovir-transcript-559",173.80057220629,0.57838857258447,0.178961830502014,3.23191024008866,0.00122965675328721,0.0106215930424744,0.0164136070648026,"crovir-transcript-559","NP_071938.1","Nonvenom"
"MAD2L2_crovir-transcript-16310",149.792712965799,0.5992944714174,0.202518067145757,2.9592148486489,0.00308423990354827,0.0213549209069825,0.0170061069391241,"crovir-transcript-16310","XP_024306175.1","Nonvenom"
"PSMD2_crovir-transcript-10979",445.837076541266,0.874479188871494,0.289477978949692,3.0208832880634,0.00252038489367116,0.0185099536456139,0.0171415498053515,"crovir-transcript-10979","NP_002799.3","Nonvenom"
"EIF6_crovir-transcript-6423",1020.36138408909,0.358882800963799,0.118612578211022,3.02567237283481,0.00248080953741201,0.0183213201559151,0.0171437964759539,"crovir-transcript-6423","NP_001254739.1","Nonvenom"
"MRPS18A_crovir-transcript-9510",487.135339928681,0.447888752619062,0.148418950465187,3.01773291897868,0.00254673246724875,0.0186308381824797,0.0172894613418528,"crovir-transcript-9510","XP_006715197.1","Nonvenom"
"UBE2A_crovir-transcript-227",246.191952987024,0.715335939489533,0.23275653192626,3.07332272727006,0.00211689418083298,0.0161678252722565,0.0176072811855288,"crovir-transcript-227","NP_003327.2","Nonvenom"
"LOC103064028_crovir-transcript-16286",358.223613046574,1.34634839890881,0.447358292126828,3.00955279605527,0.00261632602494253,0.0189820353514808,0.0176351630443124,"crovir-transcript-16286","NP_036561.1","Nonvenom"
"KCTD2_crovir-transcript-14238",1739.76036289904,0.405176002404824,0.133666545754228,3.0312446552619,0.00243547819157901,0.0180776349729472,0.0176796813226073,"crovir-transcript-14238","NP_056168.1","Nonvenom"
"BOC_crovir-transcript-3868",667.069432089539,1.18309086291118,0.394414838060588,2.99961043232718,0.00270325109147475,0.019415080571011,0.0177762390561359,"crovir-transcript-3868","XP_016862930.1","Nonvenom"
"FBXW11_crovir-transcript-8673",838.143120309676,0.444922338356555,0.147745091830537,3.011418740508,0.00260029990080342,0.0189073625642763,0.0178378603395326,"crovir-transcript-8673","XP_005265912.1","Nonvenom"
"EMC8_crovir-transcript-11431",329.316447652034,0.479669329844625,0.159916338147688,2.99950171071098,0.00270421605109163,0.019415080571011,0.0181647561163256,"crovir-transcript-11431","NP_006058.1","Nonvenom"
"SLC2A10_crovir-transcript-6534",36.849021183788,1.97850091021151,0.638171056479654,3.10026738148471,0.0019334601764166,0.0151439072012677,0.0186550181781404,"crovir-transcript-6534","XP_011527362.1","Nonvenom"
"TNK2_crovir-transcript-8847",212.069101515954,0.895387723347629,0.283091991321531,3.16288609638081,0.00156213438669323,0.0129263190467275,0.0189315093306125,"crovir-transcript-8847","XP_011510619.1","Nonvenom"
"EIF2B1_crovir-transcript-16339",450.145680149145,0.607008227909918,0.20076866797928,3.02342110459468,0.00249934188788845,0.0183963836502504,0.0190104746525502,"crovir-transcript-16339","NP_001405.1","Nonvenom"
"uknown_crovir-transcript-10395",297.636982679599,0.592046672358946,0.199608446151069,2.96604018404547,0.00301661071967254,0.0210635761738914,0.0193583255949291,"crovir-transcript-10395",NA,"Nonvenom"
"LOC103057483_crovir-transcript-2524",16.7094549106105,1.70123574880661,0.551156493495615,3.08666552763774,0.00202415213814354,0.0156294424580877,0.0193918794107846,"crovir-transcript-2524","NP_055368.1","Nonvenom"
"SH3BP5L_crovir-transcript-13228",659.694303734311,0.55177529626777,0.185344274641803,2.9770290845732,0.00291056397318713,0.0204857731090385,0.0194072789610938,"crovir-transcript-13228","NP_085148.1","Nonvenom"
"RNF19A_crovir-transcript-4927",1114.27114996915,0.588323149594987,0.196765442200535,2.98997193315783,0.0027900308212598,0.0198921656931983,0.0194727874639172,"crovir-transcript-4927","NP_001267468.1","Nonvenom"
"UBR4_crovir-transcript-10094",67.175281223534,0.962570910412796,0.328538429053977,2.92985789572474,0.00339117046179945,0.022770109426695,0.0197259864969951,"crovir-transcript-10094","XP_011539410.2","Nonvenom"
"CDKN3_crovir-transcript-6947",28.0365316729763,1.26586537772884,0.41169094960853,3.07479525341165,0.00210647107828536,0.0161255679179245,0.0197323459615956,"crovir-transcript-6947","NP_005183.2","Nonvenom"
"LOC103047971_crovir-transcript-693",2186.47355792217,4.05806134745387,1.36069134861302,2.98235257510112,0.00286042374161707,0.0202626150117772,0.0198200890672719,"crovir-transcript-693","NP_001307994.1","Nonvenom"
"LOC103066570_crovir-transcript-15153",99.6067715236907,1.96700132229024,0.672190726209808,2.92625477501201,0.00343069854578201,0.0229573069773168,0.0198961280256232,"crovir-transcript-15153","NP_037384.1","Nonvenom"
"SERBP1_crovir-transcript-5923",6858.70833727431,0.413717184160936,0.13954494160676,2.96475944880036,0.00302919691679006,0.0211290890176948,0.0199558317322533,"crovir-transcript-5923","NP_001018077.1","Nonvenom"
"RNF215_crovir-transcript-16291",191.817087420165,1.13617719382855,0.383920750604334,2.9594055336683,0.00308233186989843,0.0213529187835926,0.0202563379795046,"crovir-transcript-16291","NP_001017981.1","Nonvenom"
"SF3B4_crovir-transcript-1209",665.645265083191,0.583073108688217,0.19766098059211,2.9498644949629,0.00317913328082095,0.0218172570104206,0.0203039188273547,"crovir-transcript-1209","NP_005841.1","Nonvenom"
"BRPF1_crovir-transcript-13253",371.336743732226,0.644295093013168,0.213784093040122,3.01376535480706,0.00258027284955782,0.0188032038042363,0.0203125371323171,"crovir-transcript-13253","XP_024309509.1","Nonvenom"
"UNC45A_crovir-transcript-11401",592.31454399499,0.568241203054169,0.192778978293692,2.94763053567217,0.00320219525334156,0.021941275528091,0.0207346083637687,"crovir-transcript-11401","NP_001310548.1","Nonvenom"
"GLIS2_crovir-transcript-1669",712.95588273105,0.739368654102993,0.25200697929045,2.93392133894369,0.00334709022725171,0.022536049054339,0.0207346083637687,"crovir-transcript-1669","NP_001305847.1","Nonvenom"
"SET_crovir-transcript-13874",4427.90232059829,0.484496127852029,0.164471989087007,2.94576681744711,0.00322155163237744,0.0219999250928495,0.0207769116716163,"crovir-transcript-13874","XP_016870502.1","Nonvenom"
"ANP32A_crovir-transcript-12362",1701.91649933659,0.455844667646502,0.154750104180293,2.94568246051335,0.00322243027137114,0.0219999250928495,0.020852069259457,"crovir-transcript-12362","NP_006296.1","Nonvenom"
"TRAPPC1_crovir-transcript-13092",2377.37465129026,0.911208903364891,0.309746612542285,2.94178811476267,0.00326323123673867,0.0221871777892312,0.0208567600021837,"crovir-transcript-13092","NP_057230.1","Nonvenom"
"LOC103062324_crovir-transcript-7268",88.1937756923801,0.571793159554152,0.195371098802823,2.92670289033502,0.00342575975683695,0.0229573069773168,0.0208567600021837,"crovir-transcript-7268","XP_016868737.1","Nonvenom"
"STIP1_crovir-transcript-10617",550.669836439686,0.54171928463363,0.184331183919603,2.93883689734182,0.00329446393772663,0.0223299984975575,0.0211902734604037,"crovir-transcript-10617","NP_001269581.1","Nonvenom"
"TGFB3_crovir-transcript-7231",480.492717226461,1.23384611861539,0.422699509156425,2.91896747426501,0.00351192865082885,0.0233127020153158,0.0219244025660018,"crovir-transcript-7231","NP_001316868.1","Nonvenom"
"LHPP_crovir-transcript-10421",241.114842550983,0.785280597995554,0.260993128272334,3.00881714087181,0.00262266916073083,0.0190003539170985,0.0220487399720816,"crovir-transcript-10421","XP_016871998.1","Nonvenom"
"OGDH_crovir-transcript-12807",2659.34100120915,0.669834254462657,0.227938331740293,2.93866437184356,0.00329629817006944,0.0223299984975575,0.02210615064183,"crovir-transcript-12807","XP_005249816.1","Nonvenom"
"PIH1D2_crovir-transcript-13052",117.813261376717,0.838424498749238,0.295134232948239,2.84082429331836,0.00449970968960214,0.027890587784705,0.0221412555531514,"crovir-transcript-13052","XP_016872690.1","Nonvenom"
"MRPL13_crovir-transcript-4868",549.211096050024,0.391495848021317,0.13496868741365,2.90064203426285,0.00372399025302601,0.0244256823754979,0.0224924803106666,"crovir-transcript-4868","NP_054797.2","Nonvenom"
"LOC103049318_crovir-transcript-1272",995.888271489689,0.660788732505428,0.227554782602319,2.90386659840167,0.00368585173000022,0.024262464360287,0.0226894355084756,"crovir-transcript-1272","NP_001004318.2","Nonvenom"
"COMMD9_crovir-transcript-7544",492.468766332396,0.361593295308711,0.121853311955569,2.96744741284142,0.00300283644683899,0.021000749063524,0.0227500080453164,"crovir-transcript-7544","NP_054905.2","Nonvenom"
"RIPOR1_crovir-transcript-11548",1734.26208168768,0.873524816575617,0.300157803638639,2.91021857831575,0.00361176068247335,0.0238672962934988,0.0228061593738262,"crovir-transcript-11548","XP_011521623.1","Nonvenom"
"DECR2_crovir-transcript-532",892.963036397582,0.990487100750332,0.341712880832693,2.89859456961849,0.00374839247861195,0.0244914500022416,0.0232261116670012,"crovir-transcript-532","NP_065715.1","Nonvenom"
"CREB3L1_crovir-transcript-7444",587.439470967152,1.3933619738164,0.48199254602647,2.8908371826561,0.00384217119941398,0.0248922007451628,0.023650644402284,"crovir-transcript-7444","NP_443086.1","Nonvenom"
"DNAJA4_crovir-transcript-11091",114.070200524064,0.864189207353649,0.303659937937701,2.84591116372732,0.00442845473637656,0.027552508477739,0.0240047920433306,"crovir-transcript-11091","NP_061072.3","Nonvenom"
"STUB1_crovir-transcript-14996",844.440151041825,0.729628691445407,0.252788609163158,2.88631949778434,0.00389776253886436,0.0251356563581472,0.0240186967740256,"crovir-transcript-14996","NP_005852.2","Nonvenom"
"MBD6_crovir-transcript-14614",858.713069849439,0.703283602574768,0.245462976145682,2.86513108256852,0.00416836654428642,0.0263317790800469,0.0243091825834459,"crovir-transcript-14614","XP_005268674.1","Nonvenom"
"LOC103048376_crovir-transcript-2179",94.1305371343615,0.95242692015476,0.341670094967272,2.7875630152706,0.00531061247690662,0.0316239180904733,0.0248864119175461,"crovir-transcript-2179",NA,"Nonvenom"
"PDCD6_crovir-transcript-2314",1122.09490366386,0.527375587002209,0.183164229016778,2.87924989411498,0.00398622336121514,0.0255449709936365,0.0252947818153062,"crovir-transcript-2314","NP_037364.1","Nonvenom"
"B4GALT3_crovir-transcript-12497",133.80702284528,0.597295705348466,0.213824889466766,2.79338718162322,0.00521592196967362,0.0312437184080299,0.0254800691470757,"crovir-transcript-12497","NP_001186802.1","Nonvenom"
"LOC103048832_crovir-transcript-7957",407.752034233387,0.528843032155278,0.185476604213498,2.85126544341161,0.00435456004832725,0.0272082648211447,0.0255761982023692,"crovir-transcript-7957","NP_060310.1","Nonvenom"
"NAA15_crovir-transcript-4491",1116.78075212173,0.390907579420024,0.136968163760807,2.85400321276615,0.00431720947225063,0.0270175679042575,0.0256993069626637,"crovir-transcript-4491","NP_476516.1","Nonvenom"
"UFD1_crovir-transcript-4182",818.365873416866,0.50290000579535,0.176429294252911,2.85043369880766,0.00436596517134001,0.0272666101372986,0.0257697939672161,"crovir-transcript-4182","NP_005650.2","Nonvenom"
"DCAF15_crovir-transcript-14952",990.129617147933,0.395005437809967,0.138661791053968,2.84869706937672,0.00438986567441536,0.0273769873501365,0.025860233078999,"crovir-transcript-14952","NP_612362.2","Nonvenom"
"NDUFB6_crovir-transcript-15336",1350.604884631,0.382824273702243,0.134561583956831,2.84497449008223,0.00444149799461363,0.0276076147733053,0.0260649550292595,"crovir-transcript-15336","NP_002484.1","Nonvenom"
"SEL1L_crovir-transcript-8688",13.5589700253944,2.3426253204843,0.750717404333268,3.12051553215934,0.00180534776898989,0.0144143686882425,0.0262676181316031,"crovir-transcript-8688","XP_006723709.1","Nonvenom"
"LOC103053593_crovir-transcript-2398",466.927833683634,0.340776193488057,0.12077827206276,2.82150247447636,0.00477992687524849,0.0293106627078231,0.0271343139451018,"crovir-transcript-2398","NP_001248363.1","Nonvenom"
"OTUB1_crovir-transcript-12439",286.464525736389,0.507802422074519,0.179400573135006,2.83055072344934,0.00464679424581477,0.0286675472882586,0.0272907911515276,"crovir-transcript-12439","NP_060140.2","Nonvenom"
"LOC103053198_crovir-transcript-2728",238.011662239031,0.497634373971687,0.165378348799347,3.00906604512943,0.00262052142910357,0.0190003539170985,0.0275074971085257,"crovir-transcript-2728","NP_001164606.1","Nonvenom"
"RIMBP2_crovir-transcript-4139",42.1907117172222,1.6769613511014,0.622473874615382,2.69402688126882,0.00705944709610911,0.0390415543805783,0.0275964765764044,"crovir-transcript-4139","XP_011536405.1","Nonvenom"
"CTR9_crovir-transcript-7631",1575.68644415496,0.447516419920693,0.159065074180766,2.81341722704082,0.0049018004110933,0.0298774248716824,0.028128046378259,"crovir-transcript-7631","NP_055448.1","Nonvenom"
"KPNA3_crovir-transcript-8618",931.831931918601,0.581716209039699,0.207576815090481,2.80241417513866,0.00507217100724169,0.0306047280812067,0.0285550800805105,"crovir-transcript-8618","NP_002258.2","Nonvenom"
"POP1_crovir-transcript-4945",73.4234781564792,0.796628054550682,0.285526597521089,2.79003098648924,0.00527029972939131,0.0314777063846329,0.0285566632375622,"crovir-transcript-4945","NP_001139332.1","Nonvenom"
"PUM2_crovir-transcript-8802",1210.89194885165,0.338735771183815,0.120119070042126,2.81999994726083,0.00480236573765954,0.02941936406814,0.0289314077078076,"crovir-transcript-8802","NP_001339846.1","Nonvenom"
"TROAP_crovir-transcript-14526",153.795846630184,0.976125898251264,0.357430746602615,2.73095112138325,0.00631518370244439,0.0358187086352522,0.0292810028759065,"crovir-transcript-14526","XP_006719244.1","Nonvenom"
"LOC103068270_crovir-transcript-14125",23.8248325331136,1.66203373596344,0.565471592239251,2.93919934931096,0.00329061349979175,0.0223267448879903,0.0296019402470479,"crovir-transcript-14125","NP_689919.1","Nonvenom"
"MVP_crovir-transcript-2973",1162.17903411221,0.709853241752267,0.25478181337959,2.7861221032079,0.00533427742752519,0.0316790271360006,0.0302029443232954,"crovir-transcript-2973","NP_005106.2","Nonvenom"
"SLK_crovir-transcript-10516",917.722246837893,0.544387705311869,0.196475906791061,2.77076061998171,0.00559255247238729,0.0328572956240709,0.0310720132341117,"crovir-transcript-10516","NP_055535.2","Nonvenom"
"LOC103063622_crovir-transcript-2426",30.1693828790159,2.15288492176668,0.746508481015837,2.88393899937623,0.00392734820956198,0.0252691331142061,0.0313742114599214,"crovir-transcript-2426","NP_003716.2","Nonvenom"
"SBDS_crovir-transcript-10003",1629.11712157876,0.489206750043472,0.17701817392329,2.7635961845108,0.00571682404563956,0.0333945567590726,0.0316516238724043,"crovir-transcript-10003","NP_057122.2","Nonvenom"
"CHMP4B_crovir-transcript-6461",342.443059368557,0.705902714923004,0.249855968553429,2.8252385524745,0.00472454270317504,0.0290656335144024,0.0318349350997076,"crovir-transcript-6461","NP_789782.1","Nonvenom"
"FBXL5_crovir-transcript-4658",1853.23412617069,0.437592401323535,0.158608914925661,2.75893950556709,0.00579892686667617,0.0337145726755166,0.032339274518697,"crovir-transcript-4658","NP_036293.1","Nonvenom"
"KIRREL3_crovir-transcript-12727",8.89503201646608,2.66177674350785,0.871808460021093,3.05316691173592,0.00226439950572684,0.0170476195665166,0.0326205198635114,"crovir-transcript-12727","XP_011541328.1","Nonvenom"
"CLEC16A_crovir-transcript-1625",1160.21775526788,0.520878817518784,0.189365789708679,2.75064898638823,0.00594773380076197,0.0343998806553204,0.0326659103215584,"crovir-transcript-1625","NP_056041.1","Nonvenom"
"TRDMT1_crovir-transcript-1907",56.5507213358874,0.687053076534045,0.253542700994323,2.70981209019079,0.00673213365738477,0.0377216834923131,0.0327895793982363,"crovir-transcript-1907","NP_004403.1","Nonvenom"
"YWHAE_crovir-transcript-3328",2559.26297342785,0.590307851277477,0.213454437542328,2.76549814599389,0.00568359281464674,0.0332298711104568,0.0329328389229371,"crovir-transcript-3328","NP_006752.1","Nonvenom"
"TATDN3_crovir-transcript-9651",137.759453069624,0.640450985711672,0.241107423551705,2.65628895318658,0.00790058859097581,0.0425221299252802,0.0334007255059148,"crovir-transcript-9651","NP_001139643.1","Nonvenom"
"EDRF1_crovir-transcript-10410",343.026424663235,0.436332243118858,0.159740685365368,2.73150351221327,0.00630460689927776,0.035812990956707,0.0335698257531861,"crovir-transcript-10410","NP_001189367.1","Nonvenom"
"NOP16_crovir-transcript-13756",1069.99375176763,0.473791482828806,0.174384215097213,2.71694019188998,0.00658885128544119,0.0371080053180911,0.0340320274329467,"crovir-transcript-13756","NP_001243468.2","Nonvenom"
"VAPB_crovir-transcript-6609",2481.87883047617,0.557301636597987,0.202906339465341,2.7465954886697,0.00602173538149543,0.0346387656702681,0.0342851834918353,"crovir-transcript-6609","NP_004729.1","Nonvenom"
"TSC22D2_crovir-transcript-10819",353.807465743756,0.318126081000777,0.114921544160202,2.76820228378855,0.00563664582831276,0.0330426071138892,0.034397332167102,"crovir-transcript-10819","NP_055594.1","Nonvenom"
"PSMD6_crovir-transcript-13337",883.643698930168,0.601495447571432,0.221581030811456,2.71456200636256,0.00663634755754814,0.0373436110426877,0.0349182053716723,"crovir-transcript-13337","NP_001258708.1","Nonvenom"
"ZNF622_crovir-transcript-5422",864.886733208102,0.416085202330297,0.153206344239251,2.71584838340981,0.00661061840943124,0.0372147062827136,0.0350859150682329,"crovir-transcript-5422","NP_219482.1","Nonvenom"
"LOC103050525_crovir-transcript-4249",10940.5319798004,1.08386544754314,0.399470356758869,2.71325626346135,0.00666255609288724,0.037419561213478,0.0357577327751568,"crovir-transcript-4249","NP_000844.2","Nonvenom"
"BCDIN3D_crovir-transcript-14702",109.781679495457,0.547183487450748,0.208164460201443,2.62861146864951,0.00857342522427231,0.0454150516900208,0.0360603809708054,"crovir-transcript-14702","NP_859059.1","Nonvenom"
"ATXN2_crovir-transcript-16423",287.761527730596,0.928312501327142,0.335555645682963,2.76649346619614,0.005666272033224,0.0331562914712538,0.0361235127815833,"crovir-transcript-16423","NP_002964.3","Nonvenom"
"PRPF38A_crovir-transcript-6019",969.470546427225,0.359202847557676,0.133048298274512,2.69979287383707,0.00693826570985199,0.0385491679498516,0.0362034558171109,"crovir-transcript-6019","XP_011540617.1","Nonvenom"
"FAM160B2_crovir-transcript-12981",736.276557817953,0.462775705959016,0.171385831433077,2.70019815576016,0.00692981877419231,0.0385184617073732,0.0366181013630879,"crovir-transcript-12981","XP_006716444.1","Nonvenom"
"DUS1L_crovir-transcript-14296",813.49431723232,0.602504481461049,0.224446443881381,2.68440199382027,0.00726596828600319,0.0398826973334923,0.0371691194122339,"crovir-transcript-14296","XP_024306636.1","Nonvenom"
"RANBP9_crovir-transcript-5306",802.402004138969,0.66787578559474,0.249315309399103,2.67883984824056,0.00738777195213241,0.0404051480658185,0.0376777035864612,"crovir-transcript-5306","NP_005484.2","Nonvenom"
"LOC103058653_crovir-transcript-13177",95.6326919376303,0.750545753935506,0.289123124916599,2.59593816354887,0.00943330405418167,0.0487942276371201,0.0379117672749147,"crovir-transcript-13177","NP_001004419.1","Nonvenom"
"ETS2_crovir-transcript-3667",784.113851871634,0.740332154683656,0.278085089805208,2.66225044716436,0.00776201017228983,0.0419938122118552,0.038373537565969,"crovir-transcript-3667","NP_001243224.1","Nonvenom"
"USP8_crovir-transcript-11241",583.832098134637,0.543218133863995,0.204340168619412,2.65840112364667,0.00785123849062432,0.0423153920460952,0.0387358956896466,"crovir-transcript-11241","NP_001122082.1","Nonvenom"
"DCAF8_crovir-transcript-1159",1718.70380415513,0.465919152005736,0.174653046820414,2.66768407701936,0.00763760377910767,0.0415080320751669,0.0388932712482193,"crovir-transcript-1159","NP_056541.2","Nonvenom"
"ATXN2L_crovir-transcript-2823",736.572821104161,0.573533638853848,0.215751815594302,2.65830272284853,0.00785353144267179,0.0423153920460952,0.0393297370095258,"crovir-transcript-2823","XP_005255118.1","Nonvenom"
"GAREM1_crovir-transcript-5133",50.5911554566421,0.925595754901625,0.365179181287812,2.53463450911274,0.0112564702446485,0.0555246232336999,0.0393742066797659,"crovir-transcript-5133","NP_001229338.1","Nonvenom"
"ERCC6_crovir-transcript-8730",146.745180768059,0.642120356043297,0.245016896966294,2.62071866876851,0.00877446379560268,0.0461648095189467,0.0395388415850488,"crovir-transcript-8730","NP_000115.1","Nonvenom"
"uknown_crovir-transcript-16194",946.424906413128,0.549816024190203,0.207007911141667,2.65601455112474,0.00790702024673834,0.0425221299252802,0.0402532666696837,"crovir-transcript-16194","NP_071736.1","Nonvenom"
"LOC103050242_crovir-transcript-9695",14.6980932485431,3.32996271942054,1.20262576818327,2.76891016932966,0.00562441402471304,0.0329862254272855,0.0404476316999883,"crovir-transcript-9695","NP_000152.1","Nonvenom"
"SCG3_crovir-transcript-15315",45.0793391541171,1.67071675125969,0.66354695019088,2.51785762978653,0.0118071035874562,0.0575945622479835,0.0407022173552078,"crovir-transcript-15315","NP_037375.2","Nonvenom"
"MRPS31_crovir-transcript-13374",485.705659165446,0.443545560493129,0.168600634183027,2.6307466910927,0.0085197511633188,0.0452397414831622,0.0414066602896086,"crovir-transcript-13374","NP_005821.2","Nonvenom"
"LOC103063681_crovir-transcript-4204",676.80633175738,0.57277599630045,0.217422323854584,2.634393682056,0.00842876961199384,0.0447926958832388,0.0417756239535267,"crovir-transcript-4204","NP_115690.3","Nonvenom"
"LOC103054095_crovir-transcript-14093",604.451356009039,0.5091142860439,0.193901382660037,2.62563515050596,0.0086487466533608,0.045661381241863,0.0422848591524722,"crovir-transcript-14093","NP_004505.2","Nonvenom"
"NARS2_crovir-transcript-2517",131.100309168502,0.644114284876677,0.251444686254128,2.56165399425339,0.0104175046316052,0.052445376370562,0.0424014561166543,"crovir-transcript-2517","NP_078954.4","Nonvenom"
"LOC103058918_crovir-transcript-14800",566.051220892863,0.250755615791383,0.0955277263488902,2.62495115685642,0.00866613978376859,0.0457225534991631,0.0427061839707506,"crovir-transcript-14800","NP_619649.1","Nonvenom"
"GRASP_crovir-transcript-14453",59.1507367005379,1.1352607079853,0.45543189447785,2.49271235008006,0.0126771501060292,0.0605866147006206,0.0429896918550976,"crovir-transcript-14453","NP_859062.1","Nonvenom"
"BUD13_crovir-transcript-13088",1969.14861712518,0.406870159321423,0.155213791731075,2.62135313353062,0.0087581489429698,0.0461341791364903,0.0433099391214184,"crovir-transcript-13088","NP_116114.1","Nonvenom"
"LOC103050267_crovir-transcript-3897",555.729520647258,0.705690827668828,0.269963773686237,2.61402045923765,0.00894836779211062,0.0468740949872673,0.0433099391214184,"crovir-transcript-3897","NP_001186802.1","Nonvenom"
"LOC103061389_crovir-transcript-1063",177.16228317055,0.8113508484035,0.299121765488658,2.71244336592505,0.00667891932435101,0.037487211016251,0.0435909981020367,"crovir-transcript-1063","NP_001317240.1","Nonvenom"
"ELOC_crovir-transcript-5026",1427.77407225795,0.721955195231301,0.276246823518967,2.61344252228744,0.00896351592610467,0.0469161805814764,0.043993629643287,"crovir-transcript-5026","NP_001191786.1","Nonvenom"
"INVS_crovir-transcript-2326",26.0999141602354,1.15485794388167,0.423585785491799,2.72638502857417,0.00640322558752546,0.0362483027894682,0.044715281330762,"crovir-transcript-2326","NP_055240.2","Nonvenom"
"UBQLN4_crovir-transcript-3178",1107.52332648212,0.711821768426524,0.271365214188567,2.62311354296093,0.00871302300250097,0.0459331628309304,0.0449319566056552,"crovir-transcript-3178","NP_064516.2","Nonvenom"
"ATF7IP_crovir-transcript-12040",692.899256553739,0.294017110582268,0.113161962799296,2.59819733865642,0.00937146194899875,0.0485247772486572,0.0454729102092684,"crovir-transcript-12040","NP_851997.1","Nonvenom"
"METTL6_crovir-transcript-15662",581.505899633819,0.688802987766137,0.266300720277657,2.58656073873161,0.00969390836095815,0.0498101485317639,0.0459413469495492,"crovir-transcript-15662","NP_689609.2","Nonvenom"
"LOC103056433_crovir-transcript-4251",501.421456987155,0.522354449011377,0.196809319699904,2.65411439767114,0.00795168639042768,0.0427047001179728,0.0463465492803636,"crovir-transcript-4251","XP_005261472.1","Nonvenom"
"LOC103058754_crovir-transcript-633",610.875525826687,0.42795433935087,0.165818757400355,2.58085602654477,0.00985556743747639,0.0504004827938732,0.0475298370160107,"crovir-transcript-633","NP_004955.2","Nonvenom"
"LOC107326357_crovir-transcript-10308",368.53289846577,0.608619053958095,0.231770115676552,2.62596000429778,0.00864049694850771,0.0456420323391336,0.0491724246309651,"crovir-transcript-10308","NP_001291646.2","Nonvenom"
"TBC1D13_crovir-transcript-1378",133.224768071331,0.56030573098781,0.226234899219601,2.47665472003033,0.0132620130308618,0.0624958741968799,0.049501771840172,"crovir-transcript-1378","NP_060671.3","Nonvenom"
"VBP1_crovir-transcript-69",1366.57409877283,0.365930759501658,0.143103921373444,2.55709805845729,0.0105549459234888,0.0529233975114689,0.0495412858564502,"crovir-transcript-69","NP_001290472.1","Nonvenom"
